,SYSTEM,VINA,NNSCORE,DLSCORE,-logKi/Kd
0,1a4k,-9.42802,6.198657772373638,8.006946325302124,8.0
1,1a4w,-8.611139999999999,7.736511203809763,8.428380680084228,5.92
2,1a69,-8.79036,6.881426482810989,5.159211206436157,5.3
3,1a99,-4.2125900000000005,5.875002786549874,6.7339271068572994,5.7
4,1aaq,-7.669,7.3921114076802406,8.1236065864563,8.4
5,1adl,-5.72119,7.116765780989388,7.306778526306152,5.36
6,1ai4,-5.48947,2.982807874434092,4.138945746421814,2.5
7,1ai5,-6.220680000000001,2.9843579008293397,4.045529699325561,3.72
8,1ai7,-5.15991,3.0853082858834258,3.7850832462310793,4.09
9,1aid,-6.44842,3.3755926812694623,5.4704856872558585,4.82
10,1aj7,-7.15689,3.9882570248749096,5.340405797958374,3.87
11,1ajn,-5.44146,4.265789128895664,3.7372553348541264,2.63
12,1ajp,-5.17539,2.905147227219631,3.6190255403518683,2.23
13,1ajq,-5.01612,2.756297813911918,4.100150609016419,4.31
14,1ajv,-11.3964,6.316004109897128,8.151501893997192,7.72
15,1ajx,-11.53863,9.166504885940657,9.115475463867188,7.91
16,1ax0,-4.95742,2.6581731050056545,3.585257744789124,3.13
17,1b05,-7.346439999999999,6.471605479630048,6.438697147369385,7.12
18,1b0h,-9.673689999999999,8.208318797741581,6.943540954589844,6.7
19,1b1h,-8.66483,6.155792519029798,6.699676942825318,7.03
20,1b40,-8.909419999999999,6.530999646976183,6.734852313995361,7.28
21,1b46,-8.4044,6.400778033153284,6.6122978210449235,5.28
22,1b4h,-7.528169999999999,6.9513010659425465,6.088145589828491,5.46
23,1b6h,-7.51444,6.370363954135405,6.595268249511719,7.82
24,1b6k,-10.466439999999999,7.448222051663087,9.022473907470703,8.74
25,1b7h,-7.8273399999999995,6.688017754408915,6.742210483551025,8.02
26,1b9j,-7.7448,6.755188197691457,6.741223335266112,5.96
27,1bcu,-6.5655399999999995,3.289118860426829,4.806955909729004,3.28
28,1bdq,-8.317689999999999,6.938776483955957,8.95233507156372,6.34
29,1bgq,-8.65223,5.5995687753530925,7.654933023452759,8.57
30,1bhf,-5.75471,6.0928370274896055,5.141182470321655,4.38
31,1bhx,-8.864339999999999,7.580929297766668,7.09072265625,6.84
32,1bju,-7.65147,5.812592920592829,5.5255261898040775,4.8
33,1bjv,-7.28149,5.0534259371609815,5.450972366333008,5.54
34,1bp0,-7.483219999999999,7.310476467003257,5.711942768096924,5.4
35,1bq4,-6.713139999999999,6.1590138285969855,4.815701866149904,5.22
36,1br6,-8.32063,6.007998279427168,4.67688512802124,3.22
37,1bv7,-13.998479999999999,9.850431546626993,9.660795021057131,10.3
38,1bv9,-13.55604,8.174891994924996,9.824604320526124,9.96
39,1bwa,-13.188189999999999,8.445473808740983,9.706139278411863,8.6
40,1bxo,-10.43299,7.24863412371741,9.335960197448733,10.0
41,1bxq,-8.14208,6.416199188737089,8.719932079315187,7.38
42,1bzc,-9.7753,6.3718487742725625,4.63003945350647,4.92
43,1c3x,-6.2274199999999995,6.3469566212587925,4.732734251022339,3.68
44,1c5c,-9.06525,5.637998111072612,7.120395612716675,6.96
45,1c5n,-5.45461,5.377874584307718,5.114942026138307,4.7
46,1c5o,-5.07416,2.0506712953761577,3.714454460144043,3.49
47,1c5p,-5.6614,3.688781734914584,3.928146934509277,4.68
48,1c5q,-5.8341199999999995,5.978019860721886,5.701158952713013,6.36
49,1c5s,-6.02431,4.878594475951045,4.490522527694703,6.0
50,1c5t,-5.8192,5.391159583625671,4.545873546600342,4.1
51,1c5x,-5.9358900000000006,5.856806537600375,5.144892978668213,6.68
52,1c5y,-6.31114,5.8112335363560375,5.320294523239137,4.2
53,1c70,-10.80845,9.762813531885438,9.206183910369873,10.3
54,1c83,-8.47149,4.505012798655464,4.6290195941925045,4.85
55,1c84,-8.64063,4.992465907097406,4.901186418533325,5.0
56,1c86,-7.776730000000001,4.008254327441232,4.1825261354446415,4.7
57,1c87,-7.95556,4.432342718583955,4.007772755622864,4.2
58,1c88,-8.10373,4.751302413710258,4.56782112121582,5.29
59,1ceb,-5.94192,4.672018107364381,6.3367596626281735,6.0
60,1d4h,-11.65132,8.778998924077486,9.55311450958252,10.0
61,1d4i,-12.49485,8.062030276300195,9.624150943756103,8.85
62,1d4j,-11.87176,9.00855526207915,8.580293655395508,8.36
63,1d4k,-11.65995,8.810958345838088,9.329704475402831,9.22
64,1d4l,-10.45593,9.952812579971354,9.118113613128662,8.77
65,1d6v,-9.539439999999999,5.637634711536509,6.668373537063599,6.17
66,1d7i,-2.06121,2.5336555864071144,4.91471529006958,3.6
67,1d7j,-3.11564,0.42245000602762894,3.5516084909439085,3.3
68,1det,-5.98856,5.263899510681876,4.996376323699951,4.3
69,1df8,-7.83023,6.603080013733232,7.155211400985718,9.7
70,1dhi,-7.58972,6.489535862241013,6.902964115142822,7.26
71,1dhj,-8.043460000000001,7.2362318553873894,7.125227642059326,6.55
72,1dl7,-5.68414,3.884581544734491,5.453856706619263,6.49
73,1dmp,-12.89155,8.719746733826693,8.708790111541749,9.55
74,1drk,-6.9176899999999995,4.706319214278252,6.316034746170044,6.82
75,1dzk,-4.599069999999999,3.781674215089589,3.829403185844421,6.1
76,1e1v,-6.3792599999999995,3.114857507246963,7.250443744659424,4.92
77,1e1x,-6.5517900000000004,2.8820547171418696,6.0333662033081055,5.89
78,1e2k,-8.493889999999999,5.806152756344063,6.046635532379152,4.94
79,1e2l,-8.1475,4.948225404520548,5.476821327209473,4.29
80,1e3v,-6.938219999999999,6.297258169398859,6.768629217147828,4.34
81,1e6s,-6.09205,2.9145036123638435,5.041022920608522,3.22
82,1eb2,-8.29154,6.388604551640334,7.10481219291687,6.01
83,1ebw,-8.75683,7.83292193660954,8.729190731048584,9.05
84,1eby,-11.96377,8.194089384160401,9.387059688568117,9.7
85,1ebz,-10.2486,7.966614860100975,9.270179557800294,9.4
86,1ec0,-12.33162,7.685952230046982,8.937467575073242,8.49
87,1ec1,-9.5344,8.953828533187005,8.998943901062011,8.92
88,1ecv,-7.911289999999999,4.2610803022225,4.759896516799927,4.85
89,1efy,-8.13208,6.896559695782666,7.441476535797119,8.22
90,1ejn,-9.185939999999999,5.668852111896328,6.672955894470215,5.62
91,1ela,-7.156860000000001,5.468036519620808,6.384666156768799,6.36
92,1eld,-8.25145,5.982368166213562,6.549792194366455,6.7
93,1ele,-7.10728,5.600469162626867,6.576595783233643,6.85
94,1enu,-7.821689999999999,3.6324067355159486,5.117315626144409,5.08
95,1epo,-10.06202,7.9110660168477365,8.165394687652588,7.96
96,1erb,-8.48193,6.273981701056013,8.034306621551513,8.1
97,1ez9,-5.28682,3.284326049213976,4.557155847549439,5.1
98,1ezq,-9.88512,9.129829867318351,8.733849143981933,9.05
99,1f0r,-10.009910000000001,7.610358418177521,7.734627151489258,7.66
100,1f0u,-7.85215,7.597298838398856,7.415464019775389,7.16
101,1f4e,-6.28178,3.0060552628528145,4.58202338218689,2.96
102,1f4g,-8.63948,6.3114696573650075,7.209113883972168,6.48
103,1f4x,-5.45218,3.9746381722833055,6.611550569534303,5.59
104,1fcx,-14.34844,8.421921302885455,8.811424064636231,7.19
105,1fcy,-14.70801,8.224742739159822,8.564751052856446,8.52
106,1fcz,-13.37389,8.13758276250251,8.115896463394165,9.22
107,1fd0,-14.381429999999998,8.178981036461261,8.6015230178833,8.4
108,1fh7,-7.17116,3.721921832949147,4.808424806594847,5.24
109,1fh8,-7.2897300000000005,4.546871322206469,7.222884750366211,6.89
110,1fh9,-8.081719999999999,4.483486272529704,5.6133490085601805,6.43
111,1fhd,-8.34719,4.342734788253631,7.617293119430543,6.82
112,1fkg,-7.43664,6.851520672478657,7.368870878219606,8.0
113,1fkh,-6.85568,5.5811314229569655,7.651750993728638,8.15
114,1fki,-10.91685,4.121210324156375,8.066783094406128,7.0
115,1fl3,-10.03241,6.983395669166383,7.085995626449585,6.8
116,1fpc,-8.0679,6.80602979325563,8.315989255905151,7.0
117,1fv0,-8.26004,5.480786401197316,5.9465983390808095,5.93
118,1g2k,-11.83586,8.499405483839887,8.438863706588744,7.96
119,1g2l,-8.97359,7.838633371136803,8.134678888320924,7.24
120,1g2o,-9.80154,6.710961572831743,8.861529159545901,10.55
121,1g30,-8.32243,6.845837599075657,7.302197790145874,6.85
122,1g32,-9.30585,6.362918750284668,7.86091513633728,6.11
123,1g35,-10.6371,8.556385953558287,8.966137790679932,8.14
124,1g36,-8.81777,6.003109050705166,6.6186270236969005,7.17
125,1g74,-5.01875,3.5451375573356514,7.450756168365477,6.52
126,1g7g,-7.34305,6.402583391348759,6.7056747436523425,6.6
127,1g85,-3.91775,2.156486815747401,3.9517162084579462,5.48
128,1g98,-5.78638,5.212626478575045,5.847460746765138,5.7
129,1gaf,-7.22547,6.621401158055567,6.439961624145508,8.0
130,1ghv,-8.44628,4.0368415704885985,5.904396104812622,4.35
131,1ghw,-7.6914,4.74411348471455,5.311982011795044,4.2
132,1ghz,-8.400210000000001,5.0759942432906255,5.586873483657837,4.8
133,1gi1,-7.340439999999999,4.3149278482447215,5.050757646560669,5.47
134,1gi7,-8.098889999999999,4.775445853518257,4.7766380310058585,4.51
135,1gj6,-9.682839999999999,5.996676356258132,7.116318273544311,7.0
136,1gpn,-9.52014,5.054706140725473,6.0665945529937755,6.48
137,1gvw,-7.49838,5.174431295359385,8.240616321563719,6.96
138,1gyx,-5.352,2.409437890890845,3.7371751070022574,2.48
139,1gyy,-6.134580000000001,1.781040375874404,3.502927327156067,3.64
140,1h1s,-8.13441,7.437589118926545,8.143808937072754,8.22
141,1h22,-9.978819999999999,7.469833948244799,7.819326496124267,9.1
142,1h23,-9.72015,8.097037887796526,8.175937986373901,8.35
143,1hbv,-7.8556,7.058287192008913,7.857393980026245,6.37
144,1hmr,-5.33564,6.723709685138968,7.344876003265381,6.55
145,1hms,-5.26119,6.594581582483171,6.956349992752076,6.37
146,1hmt,-5.090269999999999,6.825108176281979,7.369644737243652,5.79
147,1hos,-8.82584,8.355424615902901,8.425657892227173,8.55
148,1hps,-9.078330000000001,8.207872167114802,9.10643835067749,9.22
149,1hpv,-8.05172,8.756331330369752,8.566811084747313,9.22
150,1hpx,-8.69709,8.495764846437991,9.589823532104493,11.26
151,1hsh,-10.43427,9.460795230231007,8.527132844924926,9.42
152,1hvh,-10.26407,7.969525690984466,8.533697986602784,7.96
153,1hvi,-9.85548,7.7356220762563135,9.642899990081787,10.92
154,1hvj,-9.53415,7.0085551049065815,9.627846240997314,11.4
155,1hvk,-10.25558,9.290335047436454,9.513909244537354,10.96
156,1hvl,-9.49136,8.77476680104008,9.342319774627686,9.95
157,1hvr,-14.83585,8.073024314530036,9.459218978881836,9.51
158,1hvs,-9.252460000000001,7.03200798253677,9.53940134048462,10.3
159,1hwr,-9.3456,7.89906049276947,8.657103252410888,8.33
160,1hxb,-11.17253,8.517359455524778,8.8043869972229,9.92
161,1hxw,-8.89171,10.477947445774523,10.510519790649417,10.82
162,1i5r,-12.26206,5.821962662413485,7.876240968704224,8.52
163,1i7z,-8.26501,6.15375501948412,7.4540138244628915,6.4
164,1igj,-8.141960000000001,3.9816024278396736,7.660887241363525,10.0
165,1ii5,-5.71442,5.407839303425296,4.951347279548645,6.62
166,1izh,-9.44399,9.212326182620464,8.960215854644776,7.7
167,1izi,-8.98005,8.098795150189451,8.818696117401123,6.59
168,1j14,-5.62346,4.0596160422227605,3.738501620292664,4.49
169,1j16,-5.3570199999999994,3.525257583758977,4.203512310981751,3.84
170,1j17,-9.76944,6.446038817420383,7.647162866592407,5.22
171,1j4r,-6.73804,4.4445776376305135,7.042629051208496,7.72
172,1jak,-7.6196,4.641687221934669,6.815852165222168,5.57
173,1jet,-7.482310000000001,6.15014916940112,6.477617359161378,7.25
174,1jgl,-12.46481,7.393530058950487,8.179581260681152,8.7
175,1jmf,-7.554930000000001,5.504127873031472,5.768422365188599,5.77
176,1jmg,-7.23141,7.69998225085992,6.027269268035889,6.07
177,1jqy,-6.433680000000001,3.3141100877430274,4.849292135238646,4.92
178,1jsv,-6.38874,3.6007317806628665,6.0762975215911865,5.7
179,1jys,-4.20553,2.5654096456911053,3.4082461595535283,3.52
180,1jzs,-6.2954300000000005,4.859032153278662,7.667427396774293,6.6
181,1k1i,-8.81584,6.233697784171414,7.401154613494872,6.58
182,1k1j,-8.146410000000001,6.177130488348802,7.375301027297974,7.55
183,1k1l,-8.2284,6.124242017514616,6.706720495223999,6.9
184,1k1m,-8.37417,6.008888826845172,7.139334583282472,7.4
185,1k1n,-6.72067,5.743713324769925,7.025202846527098,6.82
186,1k21,-7.687530000000001,7.942751661051905,7.999526166915894,8.38
187,1k22,-9.02968,6.948177926377082,7.659605598449707,8.4
188,1k4g,-7.959639999999999,6.43174344724204,5.855770444869995,5.85
189,1k4h,-6.86562,5.859087691595424,5.723113203048706,5.11
190,1kdk,-11.207419999999999,5.666832118611766,8.714532661437989,9.05
191,1kel,-7.45615,7.013157278405846,7.660934782028197,7.28
192,1kpm,-7.4671899999999996,5.299678256782482,8.019767618179321,5.8
193,1ksn,-9.8256,8.415012331894356,8.472409248352049,9.4
194,1kv1,-8.15386,5.957628398933968,6.656261301040648,5.94
195,1kyv,-9.12857,5.881924414718295,7.6696715354919425,5.92
196,1kzk,-11.50971,10.158462482541301,9.804687881469727,10.39
197,1kzn,-8.38617,6.441619688994058,7.024625825881957,8.92
198,1l83,-5.1241900000000005,1.8037409689318058,3.930602836608887,3.4
199,1laf,-7.23597,6.433217416053977,6.801251316070558,7.85
200,1lag,-6.00317,5.206486768560848,5.855769872665405,6.3
201,1lah,-6.1215,5.571476495689954,6.570120477676393,7.52
202,1lbk,-5.414540000000001,4.8580249184899085,3.8811894893646235,3.18
203,1lee,-8.5942,6.867533196693041,7.551495361328125,7.74
204,1lf2,-8.76777,7.336658573404816,7.934064960479736,7.52
205,1lgw,-5.7367,3.9361387380462713,4.143068194389343,4.0
206,1li2,-5.2792699999999995,1.9090258656308772,3.832365536689758,4.04
207,1li3,-5.6528,4.75512111979738,4.333498501777649,4.25
208,1li6,-3.57954,0.6340916537691219,3.638659739494324,3.8
209,1lke,-11.88985,6.570180833858541,8.50617618560791,7.52
210,1loq,-7.72602,4.734794521809269,4.765599107742308,3.7
211,1lpg,-8.51403,4.979914296875714,7.774208974838258,7.09
212,1lpk,-9.99824,6.346133976703621,7.826110219955443,7.55
213,1lpz,-10.00022,8.012762398726911,8.572324895858765,7.6
214,1lst,-6.13438,4.966884042197204,6.182188177108765,7.85
215,1lvu,-7.800610000000001,5.878820129466911,7.178274297714234,5.32
216,1m2q,-9.68437,6.322571689554671,7.0073526859283435,6.1
217,1m2r,-9.06415,4.804944498569709,5.530830049514772,6.46
218,1m48,-7.915889999999999,5.942995675010394,6.503372669219972,5.09
219,1mes,-11.33155,8.730495188231991,9.202177238464355,7.7
220,1met,-11.556510000000001,9.718537514545336,9.003106784820556,9.4
221,1mfi,-7.81544,5.0486737042920335,4.645804643630981,5.59
222,1mjj,-8.60999,7.664416845353731,7.821764421463013,8.74
223,1mq5,-9.56322,7.906140156072648,8.722484350204468,9.0
224,1mq6,-9.092989999999999,10.82106524660852,9.48261251449585,11.15
225,1mrw,-10.71113,8.762976257629441,9.353816318511964,9.7
226,1mrx,-10.7857,9.511594844945039,9.484487438201905,7.26
227,1msm,-11.99765,9.714978326437652,9.709868240356446,10.48
228,1msn,-11.58228,8.915959292572477,9.501845169067384,9.09
229,1mtr,-10.49333,8.650045601548161,8.724938106536865,8.4
230,1mu6,-8.80016,9.318065280650167,7.835135364532472,8.38
231,1mu8,-9.13551,7.400849301329777,7.275025177001952,9.0
232,1n1m,-5.28338,4.917375651719578,6.51000862121582,5.7
233,1n46,-11.847430000000001,8.361526130875827,7.800837659835817,10.52
234,1n4h,-8.44962,6.561374464698362,7.045177984237671,6.55
235,1nc1,-9.24498,7.8515514437321565,7.277950525283813,6.12
236,1nc3,-8.68736,6.5613844350159285,5.573320531845093,5.0
237,1nf8,-9.14432,5.757826185675582,6.888626670837402,7.82
238,1nfu,-9.0201,7.479873699336792,8.142239761352537,7.74
239,1nfw,-9.27267,6.608204172760317,8.443170213699341,8.96
240,1nfy,-9.98286,3.965790474240644,8.447282648086547,8.89
241,1nhu,-7.17267,7.0314363409316085,5.86453423500061,5.66
242,1nja,-7.97318,6.005807024595439,5.9737298488616934,6.31
243,1njc,-8.034239999999999,7.1149373049791125,5.938227748870848,5.55
244,1njd,-8.42105,7.432162926333201,5.6916361331939695,5.57
245,1nje,-7.06458,4.946541181308532,5.516465902328491,3.8
246,1njs,-9.56747,8.676343708592691,7.858613300323486,7.82
247,1nl9,-8.19977,5.835927862442906,5.906404781341553,5.96
248,1nli,-5.60163,4.004125874320113,3.972532987594605,3.59
249,1nny,-10.13873,6.590906666465164,6.884358215332031,7.66
250,1no6,-8.98475,4.784753016867584,4.867718505859375,4.41
251,1nq7,-8.52829,6.945983618460701,7.334526634216307,6.8
252,1nt1,-14.371739999999999,9.752666750120124,8.471414470672608,8.89
253,1nvq,-12.0247,8.104676118176823,8.100063848495484,8.25
254,1nvr,-11.59868,8.325891107242951,8.264063310623168,8.11
255,1nvs,-12.097760000000001,7.172043421260798,7.4668903827667235,7.82
256,1nw7,-7.222910000000001,4.902607883326196,5.145303249359131,5.09
257,1nz7,-7.9336199999999995,5.472770472256456,6.628012323379518,7.12
258,1o2o,-7.848139999999999,6.887018605519122,6.445302295684813,6.36
259,1o2q,-9.46443,5.448466293879856,7.555082750320435,7.68
260,1o2w,-7.32742,5.423217936453698,6.338746738433838,5.85
261,1o2z,-7.93205,6.548183576613626,5.877450847625733,6.11
262,1o30,-8.39967,6.452696174343372,6.870547485351563,6.77
263,1o33,-7.404310000000001,5.559649914217534,5.2355974197387685,5.74
264,1o36,-7.4634,6.312610230561244,5.825342750549316,5.96
265,1o3d,-8.38804,6.008900623392469,5.847274923324585,7.13
266,1o3i,-8.76934,6.750692895255432,6.672995948791504,7.3
267,1o3j,-8.25335,5.629484513366426,6.323142719268799,6.77
268,1o5a,-8.81258,6.271193615955895,6.541721677780151,6.42
269,1o5c,-7.63921,5.010207804578507,5.752618455886841,5.22
270,1o5e,-9.27637,6.463637797152518,6.962504100799562,5.74
271,1o5g,-9.71265,7.299558613239098,7.435701894760133,4.96
272,1oar,-11.461730000000001,6.8244832214882445,7.866368150711058,7.4
273,1oau,-7.000030000000001,7.382982821367478,6.703844451904298,7.7
274,1oba,-1.73745,1.6112340976196893,5.117801809310913,2.44
275,1ocq,-7.2261,4.607269531374478,6.272923994064331,5.19
276,1od8,-7.78062,3.946407796695489,5.704436349868773,5.1
277,1odi,-8.16501,6.8827286641629195,4.618011331558226,4.21
278,1odj,-8.51656,6.712996629405946,5.970417594909668,4.1
279,1oe8,-5.31809,4.975121757963613,4.7745781421661375,5.52
280,1ogd,-5.44935,3.511059779852912,3.6177678585052484,3.03
281,1ogz,-9.0967,7.683115189241548,6.219379997253418,5.85
282,1ohr,-9.97255,8.744773895849534,8.845363235473632,8.7
283,1ony,-7.65832,6.310782377805481,6.844652509689331,6.77
284,1onz,-8.15217,4.680380881116549,4.477935075759888,5.1
285,1os5,-7.76872,6.155273140063892,7.691908502578737,6.85
286,1oss,-4.95477,3.4377295749814736,3.8173985481262207,4.79
287,1owe,-7.446910000000001,4.727606432217447,4.95688009262085,6.2
288,1owh,-7.20065,5.734263404249793,5.3128878593444835,7.4
289,1oyq,-7.35623,5.588874198408809,6.642136287689209,6.96
290,1oyt,-10.87885,5.603403103961695,7.239875221252443,7.24
291,1p19,-7.55019,3.0219982390028735,5.3141623497009265,4.11
292,1p1n,-7.572839999999999,5.467112732383919,6.702995538711548,6.8
293,1p1o,-7.570710000000001,5.117301043661276,5.65750789642334,5.76
294,1p1q,-6.95633,5.8683401810300975,5.868606090545653,4.89
295,1p57,-7.596939999999999,5.4625052957016935,4.59244441986084,4.4
296,1pa9,-6.50915,4.4343506721020605,4.550083208084106,4.6
297,1pb8,-4.572769999999999,4.067923251419012,4.477375864982606,5.15
298,1pb9,-5.05426,3.2687958906630667,3.6650685787200934,3.62
299,1pbq,-8.40548,5.977771496758589,6.431721353530884,6.27
300,1phw,-4.3114,4.2815741272705425,3.4692451000213618,3.3
301,1pot,-5.2899400000000005,4.687956800633849,6.456090593338013,5.49
302,1ppc,-8.36559,6.596104250896778,7.580681657791137,6.16
303,1pph,-7.7367300000000006,5.329319486396041,6.796498394012451,5.92
304,1ppk,-6.56675,4.738750234498059,8.20054669380188,7.66
305,1ppl,-7.9633899999999995,6.375344938489661,8.330299520492554,8.55
306,1pxn,-8.2508,6.280282470646938,7.073056983947754,7.15
307,1pxp,-7.99787,6.803936195341053,7.361329174041747,6.66
308,1pzi,-5.83381,3.6918878077121695,4.342578315734864,4.22
309,1q5k,-6.46127,2.1528697257071,4.4475576162338255,7.42
310,1q65,-6.84823,6.662088667927148,6.5418195724487305,5.46
311,1q72,-7.27751,5.02365666595969,7.1742385864257825,6.85
312,1q8t,-7.0046100000000004,4.752567051332795,4.6673848152160655,4.76
313,1q91,-9.47475,4.335298077931448,6.243830633163452,4.15
314,1qan,-9.03708,4.656064884760417,5.519656944274902,4.48
315,1qaw,-8.77614,5.576862811057434,6.419900226593017,5.12
316,1qb1,-8.240260000000001,8.325080629556593,7.691816806793213,6.77
317,1qbn,-8.10563,5.671663668227501,5.447890710830689,5.85
318,1qbo,-8.41745,5.824545715062765,6.656127643585205,7.74
319,1qbr,-13.905170000000002,8.111589711541411,9.534352207183838,10.57
320,1qbs,-11.77944,8.717852642774401,9.091919898986816,9.47
321,1qbu,-11.89276,9.636265924636074,9.584048748016356,10.24
322,1qbv,-8.21889,7.0519840277795725,6.298562145233153,5.39
323,1qy1,-5.32216,3.5830926689115983,5.62137622833252,6.52
324,1qy2,-5.02251,3.6168377482671055,5.27458119392395,5.74
325,1r0p,-11.43845,6.339814486302887,7.455677318572997,8.0
326,1r5y,-8.394169999999999,4.250894215268556,6.318369150161742,6.46
327,1r9l,-4.13404,3.512627972391962,4.685615348815918,5.4
328,1rd4,-8.77079,3.830185196362772,7.578276968002318,7.74
329,1rnt,-6.87542,4.313525733762583,4.644587421417238,5.19
330,1s38,-7.463139999999999,6.535503376316815,5.818816661834718,5.15
331,1sb1,-9.340810000000001,6.346956538925419,8.562857532501221,6.89
332,1sbg,-8.87612,7.609837805629809,8.349389839172364,7.74
333,1sdt,-11.47445,9.385215102636002,8.607601356506347,9.27
334,1sdu,-11.13544,9.84591536863729,9.098580265045166,10.07
335,1sdv,-11.147219999999999,8.793964113501865,8.781204986572266,8.74
336,1sgu,-10.08174,9.837862702150053,8.788329887390137,5.37
337,1sh9,-7.58057,8.35706512047923,8.720764827728269,6.03
338,1siv,-8.137780000000001,7.828466088370647,8.309278917312621,8.08
339,1sqo,-7.479760000000001,7.179834314726567,6.909605169296265,7.46
340,1sr7,-11.53737,7.143969432846202,8.897788143157959,10.1
341,1srg,-10.09782,6.625320467206175,6.678534746170044,5.3
342,1ssq,-3.62151,2.5118694560139434,5.091396141052246,6.0
343,1stc,-11.63746,8.209667928555987,8.473608350753784,8.1
344,1sv3,-4.47205,3.2144160729177926,3.579753112792969,4.35
345,1sw2,-4.41622,4.502571376823061,6.073177766799928,7.22
346,1swg,-6.98108,10.464716493141696,7.477255725860597,7.36
347,1swr,-7.81763,10.448159625359294,8.426465320587159,6.92
348,1syh,-9.4321,6.1088233405239984,6.621244525909424,6.41
349,1syi,-9.28669,6.001177533501145,6.654190587997436,5.44
350,1t32,-11.37473,6.67685250948561,7.8220077514648425,7.42
351,1t4v,-8.08661,8.057527152041702,8.347303819656371,7.68
352,1t7j,-8.280710000000001,9.56047756270308,8.739595222473145,8.7
353,1ta6,-9.67521,9.101985511337348,7.975392293930054,9.13
354,1tcx,-9.00147,7.023377588048692,8.465982818603516,6.95
355,1td7,-6.30623,7.36057609314378,5.34661021232605,4.37
356,1tng,-4.22994,1.9054889780664144,4.120558261871338,2.93
357,1tnh,-4.54292,4.073291801720032,3.970301842689514,3.37
358,1tni,-4.06058,2.153507323212444,4.192495083808899,4.0
359,1tom,-8.61154,6.965444114339652,7.66115927696228,8.3
360,1tsy,-8.19813,6.931799830750961,5.594469356536865,4.96
361,1u1w,-7.686789999999999,5.584522178039398,5.0359845638275145,5.85
362,1ua4,-8.38078,5.535356013816825,4.9875572681427,4.22
363,1ugx,-5.09382,3.163477869590822,3.838200402259827,5.91
364,1uou,-7.3301300000000005,6.8955271430930605,7.133584642410279,7.7
365,1upf,-4.35878,4.1150295369024725,3.4854939460754397,4.6
366,1usi,-7.9417800000000005,5.78986911822983,6.418119239807129,6.74
367,1usk,-6.0614,4.800827194622507,6.163155841827392,6.4
368,1utj,-4.26745,3.161558491285267,3.566569924354553,3.84
369,1utl,-3.96824,1.3485726955410795,4.004235911369324,2.47
370,1utm,-4.14135,1.3568878618414062,3.7877063274383542,3.01
371,1utn,-4.18259,2.4138489982902205,3.643571519851685,3.49
372,1uto,-4.02111,0.9712135974544568,3.649191570281983,2.27
373,1uv6,-3.39134,1.0313860004814832,5.204844856262207,5.12
374,1uvt,-9.018089999999999,6.437162828785957,6.630093669891357,7.64
375,1uw6,-5.4691,4.034062896425975,6.659577322006227,7.34
376,1uwf,-6.32399,4.1984582807821536,7.464351987838745,6.82
377,1uz4,-6.515969999999999,2.803280605920477,4.7136820316314685,3.4
378,1v0k,-5.64709,3.0432938678557373,4.646703433990479,5.1
379,1v0l,-7.122000000000001,4.546123576443296,6.505686616897582,7.55
380,1v1j,-8.53266,5.285172226984179,5.044680023193361,4.82
381,1v2j,-5.7873,3.8570094422803938,3.505275535583496,3.25
382,1v2k,-10.59753,6.4345376134503045,7.556828212738037,6.19
383,1v2l,-5.24749,2.8669341308532035,3.907470226287842,4.29
384,1v2n,-9.65429,5.9616729734791045,7.4451844692230225,5.9
385,1v2o,-5.30725,2.6301217090740603,5.2325873374938965,4.73
386,1v2r,-6.683330000000001,6.629073139587014,7.253900194168091,3.55
387,1v2s,-5.2375300000000005,2.857307961903817,3.8891958236694335,4.17
388,1v2t,-6.1712,5.936367600286447,6.800824499130249,4.71
389,1v2u,-5.40511,2.9162080250044484,3.9582491159439086,3.37
390,1v2w,-5.11486,3.8472714354763142,5.1654901027679445,4.01
391,1v48,-8.46256,6.201914261788306,7.2311967372894275,7.8
392,1vfn,-5.86139,3.5090617036705214,4.519570398330688,5.6
393,1vyf,-5.56527,5.861904023608763,7.241586446762085,8.05
394,1vyg,-6.47403,3.5980220594281205,7.731725740432738,8.0
395,1vzq,-11.349089999999999,6.64881141941966,8.061409187316894,7.44
396,1w0z,-6.22795,6.492091713584645,7.250586795806885,7.68
397,1w11,-7.111210000000001,6.4470937939826385,7.767455768585205,8.22
398,1w13,-7.68582,7.49166547148217,7.933230876922607,8.7
399,1w3j,-5.96705,5.093305930406687,6.419915533065796,6.32
400,1w3k,-7.416910000000001,4.587736654318031,5.830757427215576,4.3
401,1w4o,-5.83723,4.287307760440512,3.938121223449707,5.22
402,1w4p,-5.89416,4.547571083715277,4.2227460861206065,4.74
403,1w4q,-6.27946,4.677709218405046,5.426489019393921,5.26
404,1w5v,-12.10871,7.245545086603157,8.796800994873047,8.15
405,1w5w,-12.61618,8.31461553172304,8.40406060218811,8.8
406,1w5x,-12.79776,7.827721677049695,8.46651520729065,8.4
407,1w5y,-11.63834,7.771767409821275,7.982046413421631,8.48
408,1w7g,-7.13735,5.2763555967685285,6.676089906692505,5.1
409,1w96,-10.54283,3.506257833101704,8.308865833282471,8.41
410,1wcq,-7.1729,5.395968857018431,6.584255123138428,6.26
411,1wdn,-6.65994,6.020058723693063,6.848294830322264,6.3
412,1wht,-7.486339999999999,4.652784645103282,4.800013017654419,3.7
413,1wm1,-6.17431,6.320718460729189,6.617394113540651,6.3
414,1ws1,-6.98577,7.027456854705987,6.338305997848512,9.55
415,1ws4,-4.89398,2.945422131859704,3.8276881456375116,3.0
416,1x8j,-8.407,5.698992394334224,6.440718460083008,6.96
417,1xap,-13.06194,7.887020154427381,8.404409503936767,8.7
418,1xff,-6.3669400000000005,4.128476415790497,4.70220685005188,4.82
419,1xgi,-6.95927,5.645845091224527,5.788191366195679,4.85
420,1xhy,-7.584689999999999,5.553241698217549,7.011379051208496,6.18
421,1xk9,-8.23644,5.344551946831283,6.460137271881104,6.85
422,1xka,-8.4433,5.754081358943398,7.505073118209839,6.88
423,1xkk,-9.94282,7.603195558464552,8.339221668243407,8.52
424,1xow,-10.98405,7.997663664888482,8.705100822448731,9.28
425,1xt8,-4.88135,7.871120082215695,5.485437536239624,6.85
426,1y1z,-6.0019599999999995,3.9695054909942526,5.142471265792847,3.08
427,1y20,-5.21175,4.38579203188495,4.946203231811523,5.32
428,1y3n,-8.369489999999999,4.085365527003143,5.3614990234375,5.55
429,1y6q,-8.64397,9.297970535174683,9.488229465484617,11.7
430,1y6r,-9.662889999999999,8.488562137622521,8.606350088119507,10.11
431,1yc1,-9.67458,5.63506099256845,7.430086851119995,6.17
432,1yc4,-8.02339,5.952582143335341,5.878686571121216,6.55
433,1ydk,-5.5152,6.189973615383599,4.881257629394531,5.89
434,1ydr,-8.06724,5.574861324743333,5.62956337928772,5.52
435,1yds,-6.98148,5.157764697039385,5.386281490325928,5.92
436,1ydt,-8.341389999999999,6.750421267117527,6.500923538208008,7.32
437,1yqj,-12.51396,5.666414097755416,8.202566862106321,8.14
438,1z4o,-8.11167,5.2951963975734655,5.96011381149292,4.52
439,1z6e,-10.26355,10.57196095044294,7.9062661647796615,9.72
440,1z6s,-5.87829,4.7299138958022215,4.231713390350341,4.34
441,1zgi,-9.573960000000001,8.016480604975513,7.849580430984497,5.34
442,1zhy,-9.1797,8.599898726064104,8.402606296539307,6.52
443,1zoe,-6.6403,3.4459756539549087,6.742225122451782,7.4
444,1zog,-5.90495,4.65903782369525,7.064952802658081,7.15
445,1zp8,-8.635819999999999,10.162525845065847,10.14455213546753,8.77
446,2a4m,-5.26823,2.918266766639116,3.606676959991455,4.52
447,2a8g,-6.50575,7.007053751963278,5.329694557189941,3.69
448,2aac,-6.45874,1.8100081338970924,5.303760957717897,2.22
449,2aj8,-8.0811,5.787622891492973,6.396401977539062,6.2
450,2ans,-7.56065,4.763685990869985,5.015381669998169,5.92
451,2aqu,-9.18345,8.41260556869492,8.92056360244751,9.32
452,2avo,-10.54139,9.665737703083137,9.00423641204834,8.85
453,2avs,-10.599269999999999,9.717666184719095,8.894299602508545,7.57
454,2ayr,-11.76863,7.7692076041796305,9.174369716644287,9.29
455,2azr,-6.77239,3.9383674696543234,4.083838653564453,3.64
456,2b07,-8.277000000000001,6.285359471039939,5.957714939117433,6.43
457,2b4l,-4.24463,2.6909085376204955,5.114223527908325,4.77
458,2bak,-10.89213,8.329215262709768,8.166123199462891,7.43
459,2bal,-8.57876,6.106422676390723,5.682606649398804,6.31
460,2bes,-7.16511,5.03165610586155,5.27587103843689,4.24
461,2bet,-6.731889999999999,3.3124067028980826,4.28828010559082,2.77
462,2bmk,-6.76385,5.657216929705488,6.163539981842041,5.62
463,2boh,-9.35305,5.401504338442341,8.4526207447052,8.52
464,2bok,-8.38257,5.501271283727892,6.733812618255615,6.55
465,2bpv,-9.54828,8.110142853746156,8.663772106170653,7.67
466,2bpy,-9.929860000000001,8.04848905357888,8.567013263702393,7.4
467,2bq7,-8.249939999999999,1.1513429920726492,8.316739082336426,7.05
468,2bqv,-10.03705,7.373984697829031,8.487410354614259,8.05
469,2br1,-7.506460000000001,5.6416644069787,5.438817930221559,5.14
470,2brb,-7.714919999999999,5.3594646476251855,4.911314153671265,4.86
471,2brm,-7.634060000000001,5.9549481149919306,5.190004348754883,5.89
472,2bt9,-5.81571,2.7420354698710527,6.011461782455443,6.19
473,2bvd,-7.4871300000000005,4.531284399231836,5.427790021896362,6.0
474,2bvr,-6.05865,2.7823202232815403,3.8023027896881114,3.7
475,2bvs,-5.63823,3.5813034589971786,4.147556447982788,4.1
476,2byr,-8.59568,7.192456992841471,8.739022541046143,8.55
477,2bys,-10.53694,7.11386294109406,8.225917816162111,9.52
478,2bz6,-7.848560000000001,7.018767392922023,6.582357740402221,7.09
479,2bza,-4.2005,3.427437513081302,3.587603831291198,2.8
480,2c1p,-8.98592,6.238796506263807,6.559568309783937,5.4
481,2c3l,-8.12198,5.730084269731822,5.381458044052124,5.07
482,2c80,-6.03852,6.182684928042929,5.751547718048097,5.33
483,2cbu,-7.6545,5.411499539967888,6.3253231048583975,5.68
484,2cej,-10.52338,7.326436454672207,7.532778787612915,8.62
485,2cen,-10.826139999999999,8.202226664141616,9.409658527374267,8.3
486,2cgf,-8.79152,3.8243515277390414,7.40307912826538,6.41
487,2cht,-7.969810000000001,5.350757137928149,6.608790016174316,5.52
488,2cle,-7.7705,4.2440389937086085,4.952955150604248,3.55
489,2clh,-10.169989999999999,5.873138323754196,6.411161994934082,4.06
490,2cli,-9.13536,5.369231821722112,5.728512096405028,4.3
491,2csn,-5.72093,4.33552158365284,6.284174823760988,4.41
492,2d0k,-7.30463,7.317609150695058,5.724227857589723,5.02
493,2d3u,-8.68735,6.253969441194272,6.905507564544678,6.92
494,2d3z,-8.8153,5.7336767327394185,6.595773029327392,6.64
495,2drc,-8.21364,7.449602184559526,7.215214252471924,9.89
496,2dri,-6.8353399999999995,4.187168706258492,6.480612850189209,6.89
497,2e2r,-8.91743,6.678622604231088,7.573195266723633,8.26
498,2e7f,-7.527260000000001,6.1062564024954185,5.8373610496521,6.1
499,2epn,-6.83644,2.604420353555457,6.209905052185059,7.22
500,2exm,-5.15078,3.1788995976896945,4.906950378417969,4.11
501,2f1g,-7.1771899999999995,6.087421204911131,7.1779083728790285,7.54
502,2f2h,-9.32134,6.585831866780571,6.3649552822113025,5.7
503,2f34,-7.079330000000001,5.626900439310097,5.956463384628296,6.89
504,2f35,-7.06335,5.130525014513594,5.414364194869995,5.4
505,2f80,-9.035169999999999,10.912125598821184,9.970046520233154,8.18
506,2f81,-9.02128,10.333990574117514,9.398858165740966,10.52
507,2f8g,-8.823,10.619605239230749,9.822396945953367,8.7
508,2fgu,-11.2375,8.842621444776439,8.608812999725341,9.18
509,2fgv,-11.13068,8.74283732164735,8.660150909423827,6.12
510,2flr,-10.13682,5.836963356629022,6.1288535594940186,6.1
511,2fpz,-5.78979,3.148837640772709,4.108099865913391,3.96
512,2fqw,-8.94178,7.0256097037219725,6.486593294143678,6.68
513,2fqx,-9.17791,6.209765006506827,6.508015871047974,7.15
514,2fw6,-6.89947,2.6591428329260456,4.074688148498535,2.92
515,2fx6,-5.53097,2.7483849463464587,3.918690490722656,3.7
516,2fxu,-7.677039999999999,7.581441162972871,8.007427263259888,8.15
517,2fxv,-9.41336,4.187513890536621,5.151975679397583,5.35
518,2g94,-8.593210000000001,8.129276222213122,9.843099403381348,9.52
519,2gl0,-6.812689999999999,5.043391342656481,5.2061013221740735,4.82
520,2glp,-8.38793,5.323667605694695,5.981124544143678,5.01
521,2gss,-4.73795,3.853167667281158,5.011497831344603,4.94
522,2gst,-8.57723,6.482937227615452,6.55263032913208,6.07
523,2gv6,-7.079789999999999,6.049799862824122,7.024314975738525,7.34
524,2gv7,-8.031039999999999,6.154160672182641,8.672362327575684,7.85
525,2h4g,-7.0281199999999995,5.65808258265797,5.588044023513794,6.52
526,2h4k,-7.23447,6.544047247479185,6.287778663635254,5.49
527,2h6b,-7.20665,4.521295998315302,5.523580646514891,5.39
528,2ha2,-4.6965699999999995,3.96237431033906,5.138056468963623,4.66
529,2ha3,-2.9466200000000002,0.03391228198656302,3.5089897632598883,3.03
530,2ha6,-4.9857,3.5674502050448225,6.519936990737915,4.32
531,2hb1,-5.52401,3.8932272878759258,3.918296647071839,3.8
532,2hb3,-9.4054,9.621877279676816,9.605498600006104,11.35
533,2hhn,-8.70294,7.3053864841677205,8.247721624374389,7.49
534,2hjb,-5.63184,3.1396778098538416,5.6918702125549325,4.39
535,2hs1,-8.677810000000001,10.160884343876923,10.032283496856687,8.48
536,2hxm,-7.550439999999999,5.628884828680297,4.772682571411133,5.22
537,2i0a,-8.38716,10.342456624379764,10.04838514328003,11.4
538,2i4d,-8.73327,11.476620053932752,10.463697242736817,11.68
539,2i4j,-7.77088,4.815484950125784,7.607503986358642,6.16
540,2i4u,-9.14095,10.759401667255393,10.407337188720703,11.57
541,2i4v,-8.77079,9.686685503910551,9.718908786773682,11.2
542,2i4w,-8.17879,9.75103270354373,10.375060176849363,11.59
543,2i4x,-8.14294,9.8187676297374,10.310313320159912,11.72
544,2i80,-7.908760000000001,6.6133913301751805,6.117989730834961,5.4
545,2idw,-8.94857,10.363369983142173,9.690904998779297,8.89
546,2ihq,-11.06076,5.186405919492186,8.500625848770143,8.49
547,2iko,-9.24928,5.7756499301944695,6.476164817810059,5.45
548,2iuz,-8.93342,6.822408986831901,5.981363582611084,5.55
549,2iwx,-8.47611,6.372224459091841,7.431643867492676,6.68
550,2izl,-7.48568,11.349472139092025,8.593934917449952,6.0
551,2j2u,-7.91074,5.14319989118736,6.981560468673706,7.33
552,2j34,-7.640689999999999,6.083708920722224,7.3625831604003915,7.82
553,2j47,-9.38299,5.6149411133752185,7.916935014724731,5.41
554,2j4g,-7.3735800000000005,3.4844949068279485,7.062958383560182,6.6
555,2j4i,-7.52767,7.126633454537251,8.5005934715271,9.0
556,2j77,-6.28454,3.478319985260504,5.212754487991333,4.89
557,2j7e,-7.73157,6.288014099462455,6.3462974548339846,7.32
558,2j7g,-8.06461,4.6468927027433615,5.989343976974487,7.0
559,2j7h,-6.32693,5.654806010676633,6.260471677780151,7.19
560,2jds,-9.596680000000001,6.407216794555924,7.919309997558594,8.2
561,2jfz,-9.58051,6.331866122538751,8.39587926864624,5.24
562,2jh0,-7.28075,5.985688986186963,7.989226150512695,8.7
563,2jh5,-7.38497,3.531738458664982,8.37340521812439,6.44
564,2jh6,-7.76295,5.233327227207101,7.8882239818572994,7.77
565,2jiw,-8.0857,4.881341434036712,7.168632841110228,4.59
566,2nmz,-10.23135,8.634255432842863,8.678011798858643,8.37
567,2nsj,-8.56536,6.257704790261469,6.702429008483888,4.79
568,2nsl,-8.264489999999999,5.207539990194221,6.602825880050659,4.68
569,2nt7,-9.30819,6.132332204683653,7.065191173553468,6.52
570,2nta,-9.314789999999999,5.160165156080604,4.706508111953736,4.8
571,2o0u,-10.63941,4.974222096325273,7.461569595336914,5.49
572,2o4j,-11.6264,9.02603049656788,8.997693538665771,10.1
573,2o4k,-9.34266,8.455594327639755,9.419166660308838,10.46
574,2o4r,-11.176219999999999,9.777214439266599,9.115697574615476,9.4
575,2o4s,-10.4192,8.829089756291149,9.504337692260744,10.51
576,2oag,-10.215869999999999,7.525738470368723,7.594140481948853,8.47
577,2ogy,-7.216939999999999,6.454435243983033,5.401862096786499,4.48
578,2ojg,-8.4813,4.2703922535163565,5.4992624759674085,5.64
579,2ojj,-9.766169999999999,6.791302224216866,8.32352523803711,8.7
580,2on6,-7.5852699999999995,5.119058684190336,7.745936584472656,6.76
581,2oxd,-6.475169999999999,6.275246428935929,6.54173755645752,6.82
582,2oxx,-6.36642,5.091602336507197,6.667025709152223,6.7
583,2oxy,-5.8105400000000005,5.544122874488535,6.561381912231445,6.52
584,2oym,-7.11176,4.820973629328046,6.341831636428831,5.0
585,2p16,-10.09591,7.323492580138549,8.448639583587646,10.1
586,2p4j,-10.03116,6.738213934605135,8.584890031814576,8.96
587,2p4y,-10.91577,9.936710168755079,8.243559265136719,9.0
588,2p7a,-5.5262199999999995,4.4972744897499455,5.48212308883667,6.1
589,2p7z,-8.77307,7.3686323379871705,7.7325529098510755,6.58
590,2p95,-10.531239999999999,8.570806891037693,8.04174346923828,9.37
591,2pcp,-9.78208,6.642104524933102,7.4884460926055905,8.7
592,2pgz,-8.01975,3.523703510135482,6.5712071418762195,5.74
593,2pk5,-12.05974,10.486216551531992,10.500611019134519,10.7
594,2pk6,-11.19613,8.437454599032488,9.88193473815918,10.89
595,2pql,-7.041580000000001,8.151603704620978,6.7224043846130375,7.28
596,2pqz,-10.83434,5.776176195998472,6.398900938034058,5.67
597,2psu,-8.278939999999999,9.147237791015346,8.9812837600708,7.62
598,2psv,-8.1083,8.911590574801409,8.782339477539063,7.24
599,2pu2,-7.57066,5.047588022933534,4.341093921661377,4.43
600,2pvh,-8.60056,4.405434507820785,5.954783415794372,6.59
601,2pvj,-9.37474,7.110616180473554,7.712672519683838,8.1
602,2pvk,-9.904910000000001,6.966511229924445,8.294076871871948,8.3
603,2pvl,-9.39966,7.213585527380991,7.407949638366699,7.62
604,2pwc,-11.04555,6.878452269015177,7.144751310348512,6.57
605,2pwd,-5.87631,2.1989107229211946,4.169441294670105,4.4
606,2pwg,-6.993639999999999,3.8097139941022617,4.20218505859375,4.82
607,2pwr,-11.72086,6.390606689813852,6.548773622512817,6.59
608,2pyn,-10.05857,9.093101603305824,8.934214878082276,7.57
609,2q54,-9.04763,8.857607255972336,9.246476078033448,9.01
610,2q55,-10.53174,8.954256939947342,9.055083084106446,8.69
611,2q5k,-10.28945,8.850383432929709,9.375062179565427,11.3
612,2q63,-9.96227,8.756058905277643,8.873515701293945,7.18
613,2q64,-10.35796,7.5775704147364005,9.206264114379882,8.52
614,2q88,-7.558330000000001,4.9133004124710995,5.7550411224365225,5.8
615,2q89,-7.753089999999999,4.31102544467217,5.628088665008545,6.3
616,2qbq,-7.691339999999999,7.120833565094867,6.861052131652832,7.44
617,2qbr,-7.7961800000000006,6.422151060541937,6.793852186203003,6.33
618,2qbs,-8.31581,6.927899328297977,6.801871633529662,6.68
619,2qbu,-9.62757,6.7123000871044765,5.399181079864502,6.19
620,2qci,-9.642710000000001,10.426895521491783,9.977411651611328,8.34
621,2qd6,-9.43009,11.155861576308341,10.269167613983154,8.68
622,2qd7,-9.29751,10.597542812661107,10.564513778686523,9.1
623,2qd8,-9.1092,11.343137639930784,10.080626583099363,9.07
624,2qe4,-9.63443,7.730228253106017,8.359157133102418,7.96
625,2qg0,-7.538410000000001,2.3516143645780114,5.721079063415528,5.72
626,2qg2,-8.640360000000001,6.792445061815168,6.989237785339356,5.4
627,2qhy,-9.47278,9.15842683325068,8.001708221435546,7.48
628,2qhz,-10.148019999999999,7.631327543771848,7.566767168045044,7.28
629,2qi0,-9.72442,8.266158361986683,8.644921112060548,7.38
630,2qi1,-9.707989999999999,7.664278882105461,8.918802070617676,7.3
631,2qi3,-7.51236,9.97878931415502,9.124672126770019,10.2
632,2qi4,-9.564910000000001,9.473918117822944,9.953225994110108,10.44
633,2qi5,-8.6903,8.425004915339965,9.877134227752686,10.85
634,2qi6,-9.572239999999999,8.586498690675349,9.975211143493652,10.57
635,2qi7,-7.307510000000001,9.09346622679977,9.758514499664306,10.21
636,2qm9,-9.014339999999999,3.6976706149271847,7.711391735076903,7.77
637,2qmg,-11.69336,8.876003062225296,8.620751094818115,9.15
638,2qnn,-11.95783,8.526194825454644,7.201873016357423,7.15
639,2qnq,-11.17464,7.306775820203327,6.165761423110963,6.11
640,2qrk,-6.1464099999999995,3.7962557981821496,4.6129899501800535,4.26
641,2qrl,-3.7597199999999997,2.734431721648475,3.4954210042953493,4.0
642,2qtg,-7.979360000000001,3.5038776905828843,5.791567182540892,5.08
643,2qu6,-10.62197,7.932449701891957,8.052852630615233,8.52
644,2r2m,-9.31832,7.760378239433037,7.252026462554933,7.33
645,2r2w,-8.037239999999999,3.92771360521915,5.018330192565918,4.47
646,2r38,-11.925360000000001,6.285525465414063,6.573230648040773,7.44
647,2r3t,-11.2666,6.554574893107133,6.541356563568115,5.85
648,2r3w,-11.02431,6.4464136455419565,6.656303882598878,6.89
649,2r43,-10.89965,6.85272251498162,6.775567483901978,6.0
650,2r5a,-3.25222,2.977630707254784,3.740444421768189,2.6
651,2r5p,-11.354460000000001,9.212798208901646,8.893104076385498,8.48
652,2ra0,-10.36185,7.231385887862638,7.432474851608276,7.8
653,2rcb,-5.06879,3.975533574696505,4.755363321304321,6.79
654,2ri9,-3.61559,3.6328854470664265,3.895512819290161,3.22
655,2rkf,-8.85483,8.164356848634213,8.896312141418457,9.08
656,2rkg,-8.86355,8.46226363997032,9.11913471221924,8.09
657,2sim,-6.2615,3.572759196077063,5.044164180755615,3.42
658,2std,-8.69992,7.526194175193191,7.406008911132813,9.85
659,2tpi,-5.90904,3.831937263841288,7.114871454238893,4.31
660,2uwo,-7.34072,5.495713939674153,8.347804498672485,8.7
661,2uxz,-9.89456,7.582859138630577,9.01054859161377,8.48
662,2uy0,-10.571019999999999,6.292249945877052,7.6232021808624255,6.92
663,2v00,-7.72571,4.736958865687052,5.731546449661255,3.66
664,2v3u,-5.17342,4.634846175253792,4.600116014480591,3.0
665,2v95,-10.46245,7.192208467056784,8.428724098205567,8.3
666,2vfk,-5.73931,4.257049576838447,4.058654117584228,3.71
667,2vh6,-10.2447,8.334695998252473,8.68377628326416,9.7
668,2vkm,-10.955680000000001,7.367955187783539,8.185037088394164,8.74
669,2vnt,-8.9993,6.557103119709001,7.4585245609283435,8.0
670,2vw5,-9.02335,7.647687504709903,7.553734064102173,8.52
671,2vyt,-2.94338,1.3034854314877582,4.214105582237243,2.74
672,2web,-9.75939,5.140077274026933,6.739807653427124,5.12
673,2wec,-8.13748,6.508629461322211,7.404648828506469,3.96
674,2wed,-10.10267,4.700291948813921,7.846046209335327,6.1
675,2zb1,-10.48669,6.3014734697860035,6.66204195022583,6.32
676,2zcs,-8.9391,8.347873166985675,7.092281675338745,8.22
677,3aid,-7.897639999999999,6.771653282487503,8.35019063949585,6.86
678,3b4p,-8.36706,5.0654905660738425,5.559394121170044,5.4
679,3b50,-7.655660000000001,5.021265900525987,6.0795728206634525,7.55
680,3b5r,-10.62909,9.116325144032931,8.189190435409548,8.77
681,3b65,-10.74423,8.064487090500903,8.639496612548829,9.27
682,3b66,-10.55591,6.906393794555084,8.227507543563842,8.6
683,3b67,-11.22281,8.493821218767824,8.430789279937745,8.85
684,3b68,-10.94919,9.130295728976233,8.408013582229612,8.4
685,3b7j,-6.15646,3.477819068177267,4.451120066642762,5.17
686,3be9,-12.39585,7.448992301598142,7.414048719406128,7.62
687,3bex,-5.7782599999999995,4.682366067457759,5.844596338272095,5.57
688,3bfu,-7.04525,5.143340438080188,6.134021520614624,6.27
689,3bgb,-7.30547,6.827625116016148,6.965684318542482,6.05
690,3bgc,-9.56799,5.436376456367186,7.676235008239746,5.02
691,3bgq,-9.816180000000001,8.333780783769061,7.98694372177124,7.96
692,3bgz,-10.81361,6.299224504289169,6.3384761810302725,6.26
693,3bra,-3.9348300000000003,3.2983481976178752,3.4618791580200194,2.7
694,3brn,-7.02711,4.375337599993257,7.928973340988159,8.7
695,3bu1,-4.310980000000001,3.6880487564508697,7.495469570159912,8.15
696,3buf,-3.6525300000000005,2.4503527959694917,3.5110937118530274,3.1
697,3bug,-4.32988,3.2573603296252753,3.7891145706176763,3.18
698,3buh,-5.24043,3.635656337553419,5.004766750335693,3.66
699,3bvb,-8.96467,8.521284071750994,8.761628246307373,5.49
700,3bxg,-7.91205,4.527733059923668,5.162871265411377,4.96
701,3bxh,-7.42772,4.73958201558421,5.325327444076538,4.03
702,3c2o,-5.553999999999999,4.29778713142202,3.5592977046966547,3.35
703,3c2r,-5.93865,2.898148343695403,3.5477783679962163,3.11
704,3c2u,-5.2171199999999995,4.235519522792412,4.830533599853514,2.9
705,3c79,-6.8179,7.666520982174863,5.920525979995728,7.2
706,3cct,-8.78063,5.961900582030675,7.497628498077392,7.56
707,3ccw,-7.95305,7.23672428472091,7.5176336765289316,7.87
708,3ccz,-7.67258,6.3465791076485045,7.57383074760437,7.29
709,3cd0,-8.223889999999999,6.785904304737121,7.1046537399292005,7.57
710,3cd5,-9.7954,9.190796757958982,7.80258469581604,7.9
711,3cd7,-8.71774,6.355731502581844,7.257243967056273,7.84
712,3cda,-8.61797,7.556858148694223,7.982756090164185,7.58
713,3cdb,-8.192860000000001,7.574520528679285,7.436815023422241,7.02
714,3cf8,-7.512230000000001,4.964076098543892,5.295984125137329,4.9
715,3cj2,-7.0259,3.6954660214222015,4.571346402168273,4.85
716,3cj4,-7.0296,4.500904786957002,5.473949766159056,6.51
717,3cj5,-7.542860000000001,5.3295870770062095,5.202834177017212,6.34
718,3ckp,-8.56188,7.814719241805771,7.098669719696045,6.35
719,3cs7,-10.27006,9.806280695748221,9.078598690032956,10.68
720,3cyw,-9.006969999999999,10.52206551540908,9.58528184890747,7.77
721,3cyx,-10.8128,8.266445236012384,8.91520357131958,8.0
722,3d0b,-10.55344,7.178619743155844,7.589967775344848,6.54
723,3d1x,-11.08646,8.588281604924799,8.878010368347168,8.66
724,3d1y,-11.12009,9.212470334268968,8.765053129196168,8.22
725,3d1z,-9.14799,10.183618285475005,9.443844604492188,8.8
726,3d7z,-11.15301,7.5793303822312605,7.5034206867218005,7.92
727,3d83,-11.5668,6.824619006997553,8.225011682510376,8.36
728,3djk,-9.07654,9.627446569099755,9.643703365325928,10.59
729,3e5a,-9.64611,7.248915883398549,7.687200498580933,8.23
730,3e5u,-7.355289999999999,4.937525687122253,5.643725395202638,5.85
731,3ebl,-11.66907,7.8354960305869925,7.961218309402466,6.3
732,3eko,-6.73071,4.5280397744345615,6.277643156051637,6.7
733,3ekr,-8.03772,4.048987950469301,7.782846355438233,7.52
734,3eqr,-9.51349,7.030355785664258,8.211831426620483,8.7
735,3ery,-8.83324,7.523682246117357,6.794084310531616,5.66
736,3f8c,-10.17195,9.360807583187816,8.153428936004639,7.68
737,3f8f,-8.94148,6.103885468176408,7.654542922973633,6.63
738,3gss,-6.77234,5.663242323075093,5.564701271057129,5.82
739,3gst,-9.210930000000001,6.2359618221927136,6.407403182983399,6.72
740,3jdw,-4.23108,6.156705486264883,4.36372447013855,3.6
741,3kiv,-3.21414,4.110877322409197,6.292086935043335,4.7
742,4rsk,-5.85136,4.560298777017206,3.849382066726685,4.32
743,4ts1,-6.35979,4.116561864573192,5.124129629135132,4.94
744,5er1,-5.989319999999999,7.116452032194859,8.020926380157471,6.02
745,5std,-12.102310000000001,7.466088862608062,7.13682918548584,10.49
746,5yas,-5.57829,6.7683891430452805,5.896092271804808,3.26
747,6rnt,-5.41794,3.0777865704429592,3.5806897640228272,2.37
748,6std,-8.7691,4.8807835013010274,8.201200151443482,8.64
749,7std,-8.91527,8.364662753349196,7.197334814071655,10.72
